Function.Name,category_name
Function.Project.Name,project_story_name
Function.Project.Description,project_description
Function.Project.Start_date,project_created_date
Function.Project.End/Update_date,project_end_date
Function.Project.Completion,
Function.Project.Owner,project_created_by
Function.Project.Epic.Name,epic_epic_name
Function.Project.Epic.Description,epic_description
Function.Project.Epic.Start_date,epic_start_date
Function.Project.Epic.End/Update_date,epic_end_date
Function.Project.Epic.Completion,
Function.Project.Epic.Owner,epic_created_by
Function.Project.Epic.Assignee,
Function.Project.Epic.Story.Name,story_task_name
Function.Project.Epic.Story.Description,story_description
Function.Project.Epic.Story.Start_date,story_start_date
Function.Project.Epic.Story.End/Update_date,story_end_date
Function.Project.Epic.Story.Completion,
Function.Project.Epic.Story.Owner,story_created_by
Function.Project.Epic.Story.Assignee,
Function.Project.Epic.Story.Task.Name,
Function.Project.Epic.Story.Task.Description,
Function.Project.Epic.Story.Task.Start_date,
Function.Project.Epic.Story.Task.End/Update_date,
Function.Project.Epic.Story.Task.Completion,
Function.Project.Epic.Story.Task.Owner,
Function.Project.Epic.Story.Task.Assignee,
Function.Project.Epic.Story.Task.Subtask.Name,
Function.Project.Epic.Story.Task.Subtask.Description,
Function.Project.Epic.Story.Task.Subtask.Start_date,
Function.Project.Epic.Story.Task.Subtask.End/Update_date,
Function.Project.Epic.Story.Task.Subtask.Completion,
Function.Project.Epic.Story.Task.Subtask.Owner,
Function.Project.Epic.Story.Task.Subtask.Assignee,
